{"cameraMode":{"drawMode":0,"name":"Shaded","section":"Shading Mode"},"sceneLighting":false,"audioPlay":false,"sceneViewState":{"m_AlwaysRefresh":false,"showFog":true,"showSkybox":false,"showFlares":true,"showImageEffects":true,"showParticleSystems":true,"showVisualEffectGraphs":true,"m_FxEnabled":true},"in2DMode":false,"pivot":{"x":1.0103442668914796,"y":1.0693309307098389,"z":1.8827781677246094},"rotation":{"x":-0.021828090772032739,"y":0.38592588901519778,"z":0.009199348278343678,"w":0.9222773313522339},"size":2.280400037765503,"orthographic":false}