{"cameraMode":{"drawMode":0,"name":"Shaded","section":"Shading Mode"},"sceneLighting":true,"audioPlay":false,"sceneViewState":{"m_AlwaysRefresh":false,"showFog":true,"showSkybox":true,"showFlares":true,"showImageEffects":true,"showParticleSystems":true,"showVisualEffectGraphs":true,"m_FxEnabled":true},"in2DMode":false,"pivot":{"x":-76.30372619628906,"y":45.97754669189453,"z":115.94011688232422},"rotation":{"x":0.15502655506134034,"y":0.16210748255252839,"z":-0.025869112461805345,"w":0.9742777347564697},"size":44.93853759765625,"orthographic":false}